{"cameraMode":{"drawMode":0,"name":"Shaded","section":"Shading Mode"},"sceneLighting":true,"audioPlay":false,"sceneViewState":{"showFog":true,"showMaterialUpdate":false,"showSkybox":true,"showFlares":true,"showImageEffects":true,"showParticleSystems":true},"in2DMode":false,"pivot":{"x":-6.433666706085205,"y":6.123500823974609,"z":6.251814842224121},"rotation":{"x":-0.24766294658184052,"y":0.06301555782556534,"z":-0.016145113855600358,"w":-0.9666614532470703},"size":10.0,"orthographic":false}